{
  "hash": "045de9c1",
  "configHash": "abe15202",
  "lockfileHash": "13676375",
  "browserHash": "54a51112",
  "optimized": {
    "@angular/common": {
      "src": "../../../../../../node_modules/@angular/common/fesm2022/common.mjs",
      "file": "@angular_common.js",
      "fileHash": "dcfe749d",
      "needsInterop": false
    },
    "@angular/core": {
      "src": "../../../../../../node_modules/@angular/core/fesm2022/core.mjs",
      "file": "@angular_core.js",
      "fileHash": "93d3ea41",
      "needsInterop": false
    },
    "@angular/material/button": {
      "src": "../../../../../../node_modules/@angular/material/fesm2022/button.mjs",
      "file": "@angular_material_button.js",
      "fileHash": "4c27c8c1",
      "needsInterop": false
    },
    "@angular/material/card": {
      "src": "../../../../../../node_modules/@angular/material/fesm2022/card.mjs",
      "file": "@angular_material_card.js",
      "fileHash": "06a0a7b8",
      "needsInterop": false
    },
    "@angular/material/icon": {
      "src": "../../../../../../node_modules/@angular/material/fesm2022/icon.mjs",
      "file": "@angular_material_icon.js",
      "fileHash": "e3f64fd9",
      "needsInterop": false
    },
    "@angular/material/menu": {
      "src": "../../../../../../node_modules/@angular/material/fesm2022/menu.mjs",
      "file": "@angular_material_menu.js",
      "fileHash": "d303fb51",
      "needsInterop": false
    },
    "@angular/material/toolbar": {
      "src": "../../../../../../node_modules/@angular/material/fesm2022/toolbar.mjs",
      "file": "@angular_material_toolbar.js",
      "fileHash": "dd420b93",
      "needsInterop": false
    },
    "@angular/platform-browser": {
      "src": "../../../../../../node_modules/@angular/platform-browser/fesm2022/platform-browser.mjs",
      "file": "@angular_platform-browser.js",
      "fileHash": "b4927bbd",
      "needsInterop": false
    },
    "@angular/platform-browser/animations/async": {
      "src": "../../../../../../node_modules/@angular/platform-browser/fesm2022/animations/async.mjs",
      "file": "@angular_platform-browser_animations_async.js",
      "fileHash": "a9a293c9",
      "needsInterop": false
    },
    "@angular/platform-server": {
      "src": "../../../../../../node_modules/@angular/platform-server/fesm2022/platform-server.mjs",
      "file": "@angular_platform-server.js",
      "fileHash": "6185c11f",
      "needsInterop": false
    },
    "@angular/router": {
      "src": "../../../../../../node_modules/@angular/router/fesm2022/router.mjs",
      "file": "@angular_router.js",
      "fileHash": "df1cc693",
      "needsInterop": false
    },
    "ngx-slick-carousel": {
      "src": "../../../../../../node_modules/ngx-slick-carousel/fesm2022/ngx-slick-carousel.mjs",
      "file": "ngx-slick-carousel.js",
      "fileHash": "6fa22f11",
      "needsInterop": false
    }
  },
  "chunks": {
    "browser-QNQS4B2R": {
      "file": "browser-QNQS4B2R.js"
    },
    "chunk-77B4TPNL": {
      "file": "chunk-77B4TPNL.js"
    },
    "xhr2-ISERFGGE": {
      "file": "xhr2-ISERFGGE.js"
    },
    "chunk-OPE7NNTO": {
      "file": "chunk-OPE7NNTO.js"
    },
    "chunk-4BYGCSIC": {
      "file": "chunk-4BYGCSIC.js"
    },
    "chunk-GGJP2QIL": {
      "file": "chunk-GGJP2QIL.js"
    },
    "chunk-AWWGSX4I": {
      "file": "chunk-AWWGSX4I.js"
    },
    "chunk-44JQ5FZC": {
      "file": "chunk-44JQ5FZC.js"
    },
    "chunk-NQ4HTGF6": {
      "file": "chunk-NQ4HTGF6.js"
    }
  }
}