{
  "hash": "e08bb2f5",
  "configHash": "ddbf1403",
  "lockfileHash": "13676375",
  "browserHash": "fb60f8d8",
  "optimized": {
    "@angular/common": {
      "src": "../../../../../../node_modules/@angular/common/fesm2022/common.mjs",
      "file": "@angular_common.js",
      "fileHash": "66fe2463",
      "needsInterop": false
    },
    "@angular/core": {
      "src": "../../../../../../node_modules/@angular/core/fesm2022/core.mjs",
      "file": "@angular_core.js",
      "fileHash": "d68e6837",
      "needsInterop": false
    },
    "@angular/material/button": {
      "src": "../../../../../../node_modules/@angular/material/fesm2022/button.mjs",
      "file": "@angular_material_button.js",
      "fileHash": "523f41f6",
      "needsInterop": false
    },
    "@angular/material/card": {
      "src": "../../../../../../node_modules/@angular/material/fesm2022/card.mjs",
      "file": "@angular_material_card.js",
      "fileHash": "1bd96a57",
      "needsInterop": false
    },
    "@angular/material/icon": {
      "src": "../../../../../../node_modules/@angular/material/fesm2022/icon.mjs",
      "file": "@angular_material_icon.js",
      "fileHash": "d903f477",
      "needsInterop": false
    },
    "@angular/material/menu": {
      "src": "../../../../../../node_modules/@angular/material/fesm2022/menu.mjs",
      "file": "@angular_material_menu.js",
      "fileHash": "529bad0c",
      "needsInterop": false
    },
    "@angular/material/toolbar": {
      "src": "../../../../../../node_modules/@angular/material/fesm2022/toolbar.mjs",
      "file": "@angular_material_toolbar.js",
      "fileHash": "66289ce9",
      "needsInterop": false
    },
    "@angular/platform-browser": {
      "src": "../../../../../../node_modules/@angular/platform-browser/fesm2022/platform-browser.mjs",
      "file": "@angular_platform-browser.js",
      "fileHash": "34ba8fab",
      "needsInterop": false
    },
    "@angular/platform-browser/animations/async": {
      "src": "../../../../../../node_modules/@angular/platform-browser/fesm2022/animations/async.mjs",
      "file": "@angular_platform-browser_animations_async.js",
      "fileHash": "2f9f3e4d",
      "needsInterop": false
    },
    "@angular/router": {
      "src": "../../../../../../node_modules/@angular/router/fesm2022/router.mjs",
      "file": "@angular_router.js",
      "fileHash": "fa482988",
      "needsInterop": false
    },
    "ngx-slick-carousel": {
      "src": "../../../../../../node_modules/ngx-slick-carousel/fesm2022/ngx-slick-carousel.mjs",
      "file": "ngx-slick-carousel.js",
      "fileHash": "f147f7d0",
      "needsInterop": false
    }
  },
  "chunks": {
    "browser-RBZR4C6N": {
      "file": "browser-RBZR4C6N.js"
    },
    "chunk-57DMF7QL": {
      "file": "chunk-57DMF7QL.js"
    },
    "chunk-VNV3Z4U4": {
      "file": "chunk-VNV3Z4U4.js"
    },
    "chunk-3JFOELZJ": {
      "file": "chunk-3JFOELZJ.js"
    },
    "chunk-7LCKGNH5": {
      "file": "chunk-7LCKGNH5.js"
    },
    "chunk-YANH5WPM": {
      "file": "chunk-YANH5WPM.js"
    }
  }
}